AUTHOR,YEAR,TOPIC,METHODOLOGY,DATASET,APA FORMAT,Researched by:
"Rozenweig, S.",2022,Interactive Signal Processing Tools for Analyzing Multitrack Singing Voice Recordings,"- Computational tools from signal processing, computer science, and music information retrieval (MIR)
- Time-scale modification (TSM) and resampling techniques for time-varying pitch shifts
- Fusing outputs of several F0-estimation algorithms for reliability assessment
- Musically motivated filtering techniques for stable region detection and pitch drift compensation
- Interactive feedback mechanisms for incorporating musical knowledge
- Morphological operations and binary time-frequency masks for removing pitch slides and frequency fluctuations","- Dagstuhl ChoirSet: Western choral music, focusing on intonation control.
- Erkomaishvili dataset: Traditional Georgian singing, focusing on pitch slides and harmonic intervals.
- Zär corpus: Traditional Georgian funeral songs, focusing on pitch drift correction and harmonic interval analysis.","Rosenzweig, S. (2022). Interactive Signal Processing Tools for Analyzing Multitrack Singing Voice Recordings [Doctoral dissertation, Friedrich-Alexander-Universität Erlangen-Nürnberg]. University Library of Erlangen-Nuremberg.",Dana
"Gu, X., Ou, L., Zeng, W., Zhang, J., Wong, N., & Wang, Y.",2024,Automatic Lyric Transcription and Automatic Music Transcription from Multimodal Singing,"- General framework for multimodal ALT and AMT systems
- Adaptation of self-supervised learning (SSL) models from speech domain
- Residual cross-attention mechanism for feature integration
- Sequence-to-sequence (S2S) problems for ALT and AMT
- Hybrid CTC-Attention for ALT
- Frame-level classification for AMT
- Two-stage training approach
- Evaluation techniques including ablation studies","N20EMv1, N20EMv2 (multimodal singing datasets), DSing, MIR-ST500, TONAS, ISMIR2014 (benchmark datasets).","Gu, X., Ou, L., Zeng, W., Zhang, J., Wong, N., & Wang, Y. (2024). Automatic Lyric Transcription and Automatic Music Transcription from Multimodal Singing. ACM Transactions on Multimedia Computing, Communications, and Applications, 20(7), Article 209. https://doi.org/10.1145/3651310",Dana
"Chandna, P., Cuesta, H., Petermann, D., & Gómez, E.",2022,"A Deep-Learning Based Framework for Source Separation, Analysis, and Synthesis of Choral Ensembles","- Use of publicly available choral singing datasets for training and evaluation.
- Evaluation of monophonic F0 estimators and proposal of an approximation for perceived F0.
- Synthesis of a single singer voice from unison and transposing/remixing separated stems.
- Listening tests for perceptual evaluation.
- Use of BSS eval metrics for objective evaluation.
- Selection and comparison of deep learning models (Open-Unmix, Conv-TasNet, U-Net, Wave-U-Net).
- Use of pYIN and CREPE for F0 estimation.","- Choral Singing Dataset (CSD), Dagstuhl ChoirSet (DCS), ESMUC Choir Dataset (ECD), Bach Chorales Dataset (BCD).
- Access: CSD and DCS available at https://zenodo.org/","Chandna, P., Cuesta, H., Petermann, D., & Gómez, E. (2022). A Deep-Learning Based Framework for Source Separation, Analysis, and Synthesis of Choral Ensembles. Frontiers in Signal Processing, 2, Article 808594. https://doi.org/10.3389/frsip.2022.808594 ",Dana
"Cairns, P., Daffern, H., & Kearney, G.",2021,Parametric Evaluation of Ensemble Vocal Performance Using an Immersive Network Music Performance Audio System,"- Prototype implementation of the VIIVA-NMP audio system using open-source tools
- JackTrip for audio streaming with UDP, jitter buffering, and FEC
- Auralization using convolution with Ambisonic impulse responses and binaural decoding
- Jack Audio Connection Kit for routing audio
- TIMEX-Lite onset detection method implemented in MATLAB
- Two-way repeated measures ANOVA for statistical analysis","Performance data from ten singers across Europe, organized into five duet pairs, tested in three virtual acoustic environments (recording studio booth, medium hall, cathedral).","Cairns, P., Daffern, H., & Kearney, G. (2021). Parametric Evaluation of Ensemble Vocal Performance Using an Immersive Network Music Performance Audio System. Journal of the Audio Engineering Society, 69(12), 924–933. https://doi.org/10.17743/jaes.2021.0040 ",Dana
"Chandna, P.",2021,Neural Networks For Singing Voice,"- Non-autoregressive WaveNet architecture for spectral envelope synthesis parameters and f0 estimation
- State-of-the-art source separation algorithms for individual voice separation
- Mask-based source separation algorithms for mixture recordings
- Feedforward U-Net based architecture for compressed spectral envelope generation
- NUS corpus for training
- Comparison with NPSS singing voice synthesizer
- WORLD vocoder with reduced dimensions for synthesis
- Deep learning algorithms for SATB choral part separation
- CREPE system for single voice signal synthesis from unison content
- mir_eval library for evaluation with 30 cents pitch tolerance","Choral Singing Dataset (CSD), Bach chorales dataset (BCD), ESMUC dataset, Daghstuhl dataset (DSD)","Chandna, P. (2021). Neural Networks For Singing Voice Extraction In Monaural Polyphonic Music Signals [Doctoral dissertation, Universitat Pompeu Fabra]. UPF e-Repositori.",Dana
"Sarkar, S., Benetos, E., & Sandler, M.",2022,EnsembleSet: A new high quality synthesised dataset for chamber ensemble separation.,"- Data generation using Spitfire BBC Symphony Orchestra library and ensemble scores from RWC Classical Music Database and Mutopia.
- Training a permutation-invariant time-domain separation model using the Dual-path Transformer (DPTNet) architecture.
- Use of PIT (permutation-invariant training) for source separation.
- Data augmentation techniques: gain modulation, channel swap, pitchshifting.
- Training on NVIDIA A100 GPUs using a distributed data parallel back-end.
- Evaluation using metrics like SDR and SI-SDR.","- EnsembleSet.
- Access: Available on Zenodo.","Sarkar, S., Benetos, E., & Sandler, M. (2022). EnsembleSet: A new high quality synthesised dataset for chamber ensemble separation. In Proceedings of the 23rd International Society for Music Information Retrieval Conference (ISMIR) (pp. 625–632). International Society for Music Information Retrieval.",Dana
"Cuesta, H., & Gómez, E.",2022,Voice Assignment in Vocal Quartets Using Deep Learning Models Based on Pitch Salience,"- Two-stage pipeline combining multiple F0 estimation with voice assignment using deep learning.
- Two novel architectures: VoasCNN (fully convolutional) and VoasCLSTM (convolutional LSTM).
- Training using cross-entropy loss minimization.
- Evaluation using F-Score from mir_eval library.
- Post-processing includes locating maximum salience bins and thresholding.","- Synth-salience Choral Set (SSCS), Barbershop Quartets Dataset (BSQ), Cantoría dataset.
- Dataset access: SSCS and Cantoría dataset are hosted on Zenodo.","Cuesta, H., & Gómez, E. (2022). Voice Assignment in Vocal Quartets Using Deep Learning Models Based on Pitch Salience. Transactions of the International Society for Music Information Retrieval, 5(1), 99–112. https://doi.org/10.5334/tismir.121 ",Dana
"Weiß, C., Henzel, B., & Müller, M.",2025,Style Evolution in Western Choral Music: A Corpus-Based Strategy.,"- Computing evolution curves to map musical complexity onto historical timelines
- Use of audio recordings as primary data source
- Deep learning (DL) for pitch-class activation estimation
- Deep convolutional neural network (ResNet) for feature extraction
- Heuristic method for estimating missing work dates based on composers' life spans
- Geometric complexity measure for tonal complexity
- Validation and optimization of parameters using reference curves
- Mixed approach for computing evolution curves using DL and SP features
- Systematic comparison of SP vs. DL feature types","- Carus Audio Corpus (CAC) - 5,700 tracks, 450 years of sacred and choral music.
- Access: Not publicly available due to commercial restrictions; detailed information and preview files available on the Carus-Verlag website.","Weiß, C., Henzel, B., & Müller, M. (2025). Style Evolution in Western Choral Music: A Corpus-Based Strategy. Computational Humanities Research. https://doi.org/10.1017/chr.2025.10016 ",Dana
"Sarkar, S.",2024,Time-domain Music Source Separation for Choirs and Ensembles,"- Deep learning techniques using time-domain models with permutation invariant training (PIT)
- Use of EnsembleSet, a high-quality synthesised dataset for chamber ensemble music
- Fine-tuning for cross-dataset performance improvement
- Optimization of TasNets for high sampling rates and study of hyperparameters
- Novel measure for harmonic complexity
- SI-SDR as loss function
- Data augmentation using torch-audiomentations
- Training on NVIDIA A100 GPUs with distributed data parallel backend","- EnsembleSet, URMP
- Access: EnsembleSet available on Zenodo","Sarkar, S. (2024). Time-domain Music Source Separation for Choirs and Ensembles [Doctoral dissertation, Queen Mary University of London]. Queen Mary Research Online.",Dana
"Schulze-Forster, K., Richard, G., Kelley, L., Doire, C. S. J., & Badeau, R.",2023,Unsupervised Music Source Separation Using Differentiable Parametric Source Models,"- Unsupervised model-based deep learning approach for musical source separation
- Differentiable parametric source-filter model for each source
- Neural network trained to reconstruct mixture by estimating source parameters based on fundamental frequencies
- Deep learning architecture similar to previous work
- Evaluation using Scale-Invariant Source-to-Distortion ratio (SI-SDR)
- Implementation using PyTorch framework
- Re-implementation and extension of Algorithm 1 and all-pole filter","Bach Chorals (BC) dataset, Barbershop Quartet (BQ) dataset, Choral Singing Dataset.","Schulze-Forster, K., Richard, G., Kelley, L., Doire, C. S. J., & Badeau, R. (2023). Unsupervised Music Source Separation Using Differentiable Parametric Source Models. IEEE/ACM Transactions on Audio, Speech, and Language Processing, 31, 1276–1289. https://doi.org/10.1109/TASLP.2023.3252272 ",Dana
"Chadabe, J. ",1996,The history of electronic music as a reflection of structural paradigms,"The author proposes that new and similar paradigms appear in all fields simultaneously. He posits that the two most important developments in the history of electronic music were (1) the opening up of music to all sounds and (2) the development of interactive instruments. He discusses the first development at length, suggesting ways in which it reflected general paradigm shifts in other fields. He then points to ways in which the second development may also reflect broad paradigm shifts, and concludes by speculating about the direction that such paradigmatic changes may be taking in our time.",,"Chadabe, J. (1996). The history of electronic music as a reflection of structural paradigms. Leonardo Music Journal, 6, 41. https://doi.org/10.2307/1513303 ",Yesha
"Batchelor, C., Gooding, J., Marriott, W., Chalashkanov, N., Tucker, N., & Margetts, R.",2024,Musical Instruments / Types (Guitar),"- Creation of dedicated experimental pickups to isolate variables
- Measurement of impedance using a frequency response analyzer
- Analysis of resonant peak and Q-factor variations based on winding count and wire gauge","- Measurements from custom-wound single-coil Stratocaster-style pickups (varying 5000-12000 turns, 42/44 AWG wire).","Batchelor, C., Gooding, J., Marriott, W., Chalashkanov, N., Tucker, N., & Margetts, R. (2024). Guitar Pickups I: Analysis of the effect of winding and wire gauge on single coil electric guitar pickups. arXiv (Cornell University). https://doi.org/10.48550/arxiv.2409.19782",Yesha
"Lee, S. W., Heo, J. H., Lee, S. T., & Gim, G. Y.",2021,Musical Instruments / Types (Drums),"- Feature extraction using Mel Spectrograms
- Convolutional Neural Network (CNN) for classification
- Comparison of hyper-parameters for recognition rates",- IDMT-SMT-Drums data set (acoustic and electronic drum recordings).,"Lee, S. W., Heo, J. H., Lee, S. T., & Gim, G. Y. (2021). A study on drum transcription using machine learning focused on discrimination of acoustic drum and electronic drum sound. In Studies in computational intelligence (pp. 141–153). https://doi.org/10.1007/978-3-030-67008-5_12",Yesha
"Lisena, P., Meroño-Peñuela, A., & Troncy, R.",2021,Technology / Control Standards,"- Graph embedding technique (MIDI2vec) adapted from node2vec
- Representation of MIDI data as graphs (nodes for tempo, programs, notes)
- Random walks on MIDI graphs to generate vector embeddings",- Large corpus of MIDI files converted into graph representations,"Lisena, P., Meroño-Peñuela, A., & Troncy, R. (2021). MIDI2vec: Learning MIDI embeddings for reliable prediction of symbolic music metadata. Semantic Web, 13(3), 357–377. https://doi.org/10.3233/sw-210446",Yesha
"Worrall, K., Yin, Z., & Collins, T.",2024,Technology / Control Standards,"- Development of Cue-Free Express + Pedal (CFE+P) transformer model
- ""In the wild"" comparative evaluation against professional software (Logic Pro, Ableton)
- Subjective listening tests to rate expressivity",- Results from listening studies comparing model outputs vs. human/commercial baselines.,"Worrall, K., Yin, Z., & Collins, T. (2024). Comparative evaluation in the wild: Systems for the expressive rendering of music. IEEE Transactions on Artificial Intelligence, 1–15. https://doi.org/10.1109/tai.2024.3408717",Yesha
"Piao, Z., Frisson, C., Van Kerrebroeck, B., & Wanderley, M. M.",2024,Technology / Sensors & Haptics,"- User study with 20 musically trained participants
- Evaluation of 3 haptic modes (No-FF, Spring, Detent)
- Vibrato mimicry tasks and Likert-scale user feedback","- User performance metrics (Pitch Error, Pitch Deviation) and subjective experience ratings.","Piao, Z., Frisson, C., Van Kerrebroeck, B., & Wanderley, M. M. (2024). Assessing the impact of force feedback in musical knobs on performance and user experience. Actuators, 13(11), 462. https://doi.org/10.3390/act13110462",Yesha
"Lee, J. W., Park, J., Choi, M. J., & Lee, K.",2024,Technology / Sensors & Haptics,"- Differentiable Modal Synthesis (DMSP) framework
- Neural network solving partial differential equations (PDE) for nonlinear strings
- Joint optimization of sound and motion simulation",- Synthesized string sounds and motion data used for ground-truth loss calculation.,"Lee, J. W., Park, J., Choi, M. J., & Lee, K. (2024). Differentiable modal synthesis for physical modeling of planar string sound and motion simulation. arXiv (Cornell University). https://doi.org/10.48550/arxiv.2407.05516",Yesha
"Tsoi, T., Deng, J., Ju, Y., Weck, B., Kirchhoff, H., & Lui, S.",2025,"Cross-modal music similarity retrieval using contrastive learning, guided by LLM-generated text descriptions.","- The system uses a cross-modal contrastive learning framework with separate music and text encoders projected into a shared embedding space. 
- It features a dual-source data acquisition method combining online data mining with an LLM-based prompting methodology to generate diverse text descriptions for songs.","- A new, large-scale dataset of music-text pairs was created using the proposed dual-source acquisition method. 
- The framework was validated through objective metrics, subjective user evaluations, and online A/B testing on the Huawei Music streaming platform.","Tsoi, T., Deng, J., Ju, Y., Weck, B., Kirchhoff, H., & Lui, S. (2025). CrossMuSim: A Cross-Modal Framework for Music Similarity Retrieval with LLM-Powered Text Description Sourcing and Mining. In Proceedings of the IEEE International Conference on Multimedia and Expo (ICME).",Kean
"Zhou, Z., Wu, Y., Wu, Z., Zhang, X., Yuan, R., Ma, Y., Wang, L., Benetos, E., Xue, W., & Guo, Y.",2024,"A systematic evaluation of the music understanding, generation, and multi-step reasoning capabilities of state-of-the-art Large Language Models.","- The research introduces ABC-Eval, a novel open-source benchmark designed to evaluate the instruction-following and understanding capabilities of LLMs on symbolic music represented in ABC notation. 
- Seven leading LLMs were evaluated on this benchmark.","- The newly created ABC-Eval benchmark, an open-source dataset of tasks based on ABC notation scores designed to test musical reasoning.","Zhou, Z., Wu, Y., Wu, Z., Zhang, X., Yuan, R., Ma, Y., Wang, L., Benetos, E., Xue, W., & Guo, Y. (2024). Can LLMs “Reason” in Music? an Evaluation of LLMs’ Capability of Music Understanding and Generation. In Proceedings of the 25th International Society for Music Information Retrieval Conference (ISMIR).",Kean
"Wu, S., Yu, D., Tan, X., & Sun, M.",2023,"A pre-trained model, CLaMP, that learns joint representations of natural language and symbolic music for cross-modal retrieval tasks, including semantic search and zero-shot classification.","- CLaMP utilizes a dual-encoder architecture trained with a contrastive loss. 
- Key innovations include ""bar patching"" for efficient sequence representation, text dropout as data augmentation, and a masked music model pre-training objective to enhance contextual understanding.","- The model was pre-trained on a new dataset of 1.4 million music-text pairs. For evaluation, the authors created and released the WikiMusicText (WikiMT) dataset, containing 1,010 lead sheets in ABC notation with descriptive annotations.","Wu, S., Yu, D., Tan, X., & Sun, M. (2023). CLaMP: Contrastive Language-Music Pre-Training for Cross-Modal Symbolic Music Information Retrieval. In Proceedings of the 24th International Society for Music Information Retrieval Conference (ISMIR) (pp. 157-165).",Kean
"Yuan, R., Pan, J., Li, Y., Zhang, G., Zhang, Y., Duan, Z., Xue, W., & Guo, Y.",2024,"
A robust music version identification system, X-Cover, that improves upon the state-of-the-art by integrating features from a pre-trained ASR model to leverage lyrical content","- X-Cover extends the ByteCover3 architecture with a dual-input structure, processing a CQT spectrogram for musical features and a log-Mel spectrogram via a parameter-efficiently fine-tuned Whisper model for lyrical features. 
- The embeddings are fused and trained using a Local Alignment Loss (LAL) and a ""bag of tricks"" including Sparse Softmax Loss and Non-Local operations.","- The system was evaluated on two standard Cover Song Identification benchmarks: SHS100K, a large-scale dataset with 108,523 recordings, and Covers80, a smaller classic test set.","Yuan, R., Pan, J., Li, Y., Zhang, G., Zhang, Y., Duan, Z., Xue, W., & Guo, Y. (2024). X-Cover: Better Music Version Identification System by Integrating Pretrained ASR Model. In Proceedings of the 25th International Society for Music Information Retrieval Conference (ISMIR) (pp. 70-77).",Kean
"Xu, S., Yu, C., Li, Y., & Li, H.",2022,Paralinguistic singing attribute recognition for classical tenor voice using supervised machine learning frameworks,"- Constructed Singing Voice Quality and Technique Database (SVQTD) with 4,000 labeled tenor vocal segments from YouTube
- Music source separation (Spleeter) and energy-based silence detection used for preprocessing
- Seven trained annotators labeled data with seven paralinguistic singing attributes after standardized training
- Explored three supervised machine learning frameworks for attribute recognition:
- SF-SVM: openSMILE handcrafted features (INTERSPEECH 2009/2016) + SVM classifier
- E2EDL: End-to-end deep learning using ResNet and Transformer Encoder on log-mel spectrograms
- DE-SVM: Deep embeddings from E2EDL fed into SVM classifier
- Introduced Sliced Multi-Head Self-Attention (SMSA) for efficient 2D spectrogram processing in transformers
- Addressed class imbalance with weighted cross-entropy and focal loss
- Evaluated models using Unweighted Average Recall (UAR) metric","- Name: Singing Voice Quality and Technique Database (SVQTD)
- Content: 4000 vocal solo segments (4–20 seconds each)
- Source: YouTube recordings of six famous tenor arias
- Annotations: Labeled with seven paralinguistic singing attributes (e.g., chest resonance, head resonance, open throat, vibrato, etc.)
- Annotators: 7 trained classical singers (≥3 years experience)
- Labeling Process: 10-hour training (2 hours theory + 8 hours practice); supervised quality checks
Availability: Publicly available online — https://hackerpeter1.github.io/SVQTD/","Xu, S., Yu, C., Li, Y., & Li, H. (2022). Paralinguistic singing attribute recognition for classical tenor voice using supervised machine learning frameworks. EURASIP Journal on Audio, Speech, and Music Processing, 2022(8). https://doi.org/10.1186/s13636-022-00240-z",Marian
"Huang, D.",2024,An objective evaluation method of vocal singing effect based on artificial intelligence technology,"- Logarithmic Mel spectrum extracted as main acoustic feature for accurate voice characterization.
- Preprocessing with resampling, framing, and windowing (Hamming window) for spectral analysis.
- Fast Fourier Transform (FFT) used to convert framed signals to frequency domain.
- Hidden Markov Models (HMM) applied for acoustic modeling and phoneme recognition.
- Hybrid Gaussian models combined with HMM to model emission probabilities of acoustic states.
- Generalized Regression Radial Basis Function (RBF) Network used for objective evaluation scoring.
- Evaluation criteria included 18 performance indicators (intonation, technique, emotion, stage presence).
- System accuracy: 95% (pitch), 93% (rhythm), 89% (timbre).
- Validation: Compared system-generated scores with human expert judgments to confirm reliability.","- Focused on solo vocal singing audio recordings (clean monophonic tracks).
- Audio sampled at 42.2 kHz, 16-bit mono format.
- Data used for pitch, rhythm, and timbre analysis in vocal performance evaluation.
- Songs such as “Water of Forgetfulness” and “Courage” were used for testing system reliability.
- Evaluations included multiple singers (male/female) and human expert comparisons for validation.","Huang, D. (2024). An objective evaluation method of vocal singing effect based on artificial intelligence technology. Applied Mathematics and Nonlinear Sciences, 9(1), 1–13. https://doi.org/10.2478/amns-2024-0865",Marian
"Angelakis, E., Kotsani, N., & Georgaki, A.",2021,"Towards a Singing Voice Multi-Sensor Analysis Tool: System Design, and Assessment Based on Vocal Breathiness","Designed a modular multi-sensor system specifically for singing voice analysis.
- Condenser Microphone (CM): To capture the acoustic vocal output.
- Electroglottograph (EGG): To monitor phonatory function and vocal fold contact.
- Respiratory Effort Transducers (RET): Two belts (thoracic and abdominal) to track respiratory behavior.
Methodological focus on assessing ""vocal breathiness"" through:
- Perceptual ratings of breathiness in recorded samples.
- Feature extraction from CM and EGG signals, specifically Smoothed Cepstral Peak Prominence (CPPS) and Open Quotient (OQ) using Howard (HOQ) and DECOM (DOQ) methods.
- Conducted correlation analysis between perceptual ratings and extracted sensor features.
Proposed a multi-variate regression model (CDH) combining CPPS, DOQ, and HOQ, comparing it against the Acoustic Breathiness Index (ABI).","The study utilizes a custom experimental dataset created specifically for this system assessment. Dataset details:

Participants: 2 professional singers.

Protocol: Singers performed a protocol of vocal trials producing various degrees of intended vocal breathiness.

Data: Synchronized recordings of acoustic audio, electroglottographic signals, and respiratory movement data.","Angelakis, E., Kotsani, N., & Georgaki, A. (2021). Towards a Singing Voice Multi-Sensor Analysis Tool: System Design, and Assessment Based on Vocal Breathiness. Sensors, 21(23), 8006. https://doi.org/10.3390/s21238006",Marian
"Heydari, M., Wang, J.-C., & Duan, Z.",2023,SingNet: a real-time Singing Voice beat and Downbeat Tracking System,"- A real-time, causal beat and downbeat tracking system designed specifically for isolated singing voices
- Utilizes a causal Convolutional Recurrent Neural Network (CRNN) with three unidirectional LSTM layers to model beat, downbeat, and non-beat activations from spectral features
- Introduces a novel dynamic particle filtering inference framework with a variable number of particles, extending traditional fixed-particle Monte Carlo methods
- Employs a two-stage particle filtering cascade for joint beat and downbeat tracking under real-time causality constraints
- Evaluated using F1-score metrics under multiple temporal tolerances (±70 ms and ±200 ms) and cross-dataset testing","GTZAN dataset (vocal stems): Public music dataset where vocal tracks were extracted using music source separation to enable singing voice beat and downbeat evaluation

In-house singing voice dataset: Approximately 45,000 clips of clean vocal stems and corresponding accompaniments with beat and downbeat annotations, split into training, validation, and test sets

Cross-dataset evaluation performed by training on the in-house dataset and testing on GTZAN to assess generalization","Heydari, M., Wang, J.-C., & Duan, Z. (2023). SingNet: A real-time singing voice beat and downbeat tracking system. In Proceedings of the 2023 IEEE International Conference on Acoustics, Speech and Signal Processing (ICASSP) (pp. 1–5). IEEE. https://doi.org/10.1109/ICASSP49357.2023.10096580",Marian
"Bienhold, J. G., Lewellen, R., Meyer, D., & van Leer, E.",2025,"Acoustic Analysis of Blues, Country, Folk, Italian Opera, and Rock Singing","- Applies nonlinear dynamic acoustic measures to quantify vocal chaos across different singing genres
- Computes cepstral peak prominence (CPP), correlation dimension (D2), and vocal tract chaos parameters (VTCP) from sustained sung vowels
- Uses FFT-based spectral analysis and nonlinear time-series methods to characterize phonatory and stylistic differences
- Performs comparative statistical analysis to examine genre-dependent acoustic behavior and vocal function variability","Singing voice recordings from performers across multiple musical genres

Sustained vowel samples used for controlled acoustic analysis

Dataset curated specifically for the study; recordings not publicly released","Bienhold, J. G., Lewellen, R., Meyer, D., & van Leer, E. (2025). Nonlinear acoustic analysis of vocal chaos across singing genres. Journal of Voice. https://doi.org/10.1016/j.jvoice.2025.02.036",Marian
"Baker, C. P., Purdy, S. C., Rakena, T. O., & Bonnini, S.",2023,It Sounds like It Feels: Preliminary Exploration of an Aeroacoustic Diagnostic Protocol for Singers,"- Explores associations between singers’ self-perceived vocal fatigue and instrumental acoustic and aerodynamic measures
- Computes smoothed cepstral peak prominence (CPPS), vibrato jitter, vibrato shimmer, and an efficiency ratio derived from aerodynamic measurements
- Applies multivariate linear regression to construct a proof-of-concept aeroacoustic index related to vocal fatigue perception
- Evaluates relationships between instrumental measures and selected items from the Evaluation of Ability to Sing Easily (EASE) scale","Acoustic and aerodynamic recordings from 18 classically trained singers

Sustained sung vowel and repeated syllable tasks recorded in a controlled environment

Dataset collected for the study; participant recordings not publicly released","Baker, C. P., Purdy, S. C., Rakena, T. O., & Bonnini, S. (2023). It sounds like it feels: Preliminary exploration of an aeroacoustic diagnostic protocol for singers. Journal of Clinical Medicine, 12(15), 5130. https://doi.org/10.3390/jcm12155130",Marian
"de Souza, G. V. S., Duarte, J. M. T., Viegas, F., Simões-Zenari, M., & Nemr, K.",2020,An Acoustic Examination of Pitch Variation in Soprano Singing,"- Conducts controlled acoustic analysis of sustained soprano vowel phonation across low, medium, and high pitch conditions
- Extracts fundamental frequency and the first five formants using FFT and Linear Predictive Coding (LPC) techniques
- Compares formant–harmonic relationships across pitch registers to identify pitch-dependent vocal tract behavior
- Applies non-parametric statistical tests to assess systematic differences in acoustic measures across pitch conditions","Recordings from 30 female sopranos without reported vocal complaints

Sustained /a/ vowel samples recorded at three pitch levels (C4, Eb4, Bb4)

Total of 90 analyzed samples; dataset recorded specifically for the study","de Souza, G. V. S., Duarte, J. M. T., Viegas, F., Simões-Zenari, M., & Nemr, K. (2020). An acoustic examination of pitch variation in soprano singing. Journal of Voice, 34(6), 925.e1–925.e10. https://doi.org/10.1016/j.jvoice.2019.08.013",Marian
"Morelli, M. S., Orlandi, S., & Manfredi, C.",2021,BioVoice: A multipurpose tool for voice analysis,"- Introduces BioVoice, a user-friendly software platform for acoustic analysis of human voice across newborn, child, adult, and singing voice emissions
- Implements time- and frequency-domain signal processing techniques to extract fundamental frequency (F0), formant frequencies (F1–F5), jitter, noise level (NNE), vibrato rate and extent, and quality ratio (QR)
- Employs adaptive analysis strategies based on age range, gender, and vocal emission type to ensure robustness across low- and high-pitched voices
- Includes automatic detection of voiced/unvoiced segments and melodic shape analysis of F0 for newborn, child, and singing voice signals
- Provides comparative evaluation against Praat using statistical analyses (e.g., Mann–Whitney tests) to assess accuracy and reliability of extracted acoustic parameters","Real voice recordings from multiple categories: adult male, adult female, child, newborn, and singer

Includes sustained vowels, crying sounds, and professional singing voice samples

Supplemented with synthetic voice signals for validation of F0, formant, jitter, and noise estimation algorithms

Datasets collected specifically for evaluation and demonstration purposes; not publicly released as a standalone corpus","Morelli, M. S., Orlandi, S., & Manfredi, C. (2021). BioVoice: A multipurpose tool for voice analysis. Biomedical Signal Processing and Control, 64, 102302. https://doi.org/10.1016/j.bspc.2020.102302",Marian
"Baker, C. P., Sundberg, J., Purdy, S. C., Rakena, T. O., & de S Leao, S. H.",2021,CPPS and Voice-Source Parameters: Objective Analysis of the Singing Voice,"- Conducts a controlled analysis of how voice-source parameters influence smoothed cepstral peak prominence (CPPS) in singing voice signals
- Uses synthetically generated singing tones to independently vary fundamental frequency, vibrato extent, source-spectrum tilt, and amplitude of the voice-source fundamental
- Generates signals using the Madde formant synthesizer under a linear source–filter model
- Computes CPPS using PRAAT and applies statistical correlation and regression analyses to quantify parameter effects
- Identifies non-linear and f₀-dependent behavior of CPPS and proposes correction equations as a proof-of-concept","Synthetic singing voice signals comprising 129 tones generated on vowels /a/ and /i/

Pitch range spanning 87–699 Hz, covering Western classical singing tessitura

Controlled variation of vibrato extent, source-spectrum tilt, and voice-source parameters

Dataset generated specifically for the study; not publicly released","Baker, C. P., Sundberg, J., Purdy, S. C., Rakena, T. O., & de S Leao, S. H. (2021). CPPS and voice-source parameters: Objective analysis of the singing voice. Journal of Voice, 38(3), 549–560. https://doi.org/10.1016/j.jvoice.2021.12.010",Marian
"Truong, T., Arzt, A., & Widmer, G.",2021,Deep Learning Approaches in Topics of Singing Information Processing,"- Survey-based analysis of deep learning models applied to singing information processing.
- Identified five core SIP tasks:
Singing Voice Separation
Singing Voice Detection
Singing Voice Pitch Extraction
Singing Synthesis
Singing Voice Conversion
- Analyzed model architectures used in these tasks:
- Convolutional Neural Networks (CNNs) for spectral feature learning.
- Recurrent Neural Networks (RNNs/LSTMs) for temporal sequence modeling.
- Generative Adversarial Networks (GANs) and Autoencoders for synthesis and timbre modeling.
- Transformer architectures for attention-based vocal processing.
- Highlighted advancements in end-to-end systems reducing reliance on hand-crafted features.
- Evaluated challenges such as data scarcity, generalization across singers, and interpretability.","- The study references multiple datasets related to singing voice tasks rather than one specific dataset.
- Datasets include:
- MIR-1K: 1,000 song clips for singing voice separation.
- NUS-48E: 48 English songs by 12 singers for pitch extraction and synthesis.
- JAMENDO and DSD100: Used for source separation and vocal detection tasks.
- These datasets cover monophonic and polyphonic recordings to evaluate deep learning systems for singing information processing (SIP).","Truong, T., Arzt, A., & Widmer, G. (2021). Deep learning approaches in topics of singing information processing. Frontiers in Digital Humanities, 8, 1–18. https://doi.org/10.3389/fdigh.2021.671430",Marian
"Li, W., Cui, X., Manoharan, P., Dai, L., Liu, K., & Huang, L.",2025,AI-Assisted Feedback and Reflection in Vocal Music Training: Effects on Metacognition and Singing Performance,The study employed an experimental design with a control group (conventional instruction) and an experimental group (AI-assisted intervention) over a six-week training period. The experimental intervention included self-assessment via audio comparison tools and dialogic feedback through interaction with a Large Language Model (AI chatbot) tailored for vocal pedagogy. The researchers measured outcomes using pre- and post-tests for singing performance and metacognitive scales.,The dataset consisted of 80 pre-service teachers (university students). Baseline measurements included the Stanford-Binet Intelligence Scales and the Seashore Measures of Musical Talents to ensure comparable groups.,"Li, W., Cui, X., Manoharan, P., Dai, L., Liu, K., & Huang, L. (2025). AI-assisted feedback and reflection in vocal music training: Effects on metacognition and singing performance. Frontiers in Psychology, 16, 1598867. https://doi.org/10.3389/fpsyg.2025.1598867 ",Dana
"Chandna, P., Cuesta, H., & Gómez, E.",2020,A Deep Learning Based Analysis-Synthesis Framework for Unison Singing,"The authors developed a deep learning framework to analyze the Fundamental Frequency (F0) distribution of individual singers within a unison mixture. They proposed a system that synthesizes a choral unison signal by taking an a cappella input (a single voice prototype) and generating the necessary pitch and timing deviations found in real choirs. Subjective listening tests were used to evaluate the perceptual quality and ""choir-like"" nature of the synthesis.",The study utilized multitrack choral recordings where individual singers were recorded separately to allow for precise analysis of F0 distributions in unison sections. This likely includes data from the Choral Singing Dataset (CSD) and other private multitrack collections.,"Chandna, P., Cuesta, H., & Gómez, E. (2020). A deep learning based analysis-synthesis framework for unison singing. Proceedings of the 21st International Society for Music Information Retrieval Conference (ISMIR) (pp. 598–604). Montreal, Canada. https://archives.ismir.net/ismir2020/paper/000259.pdf ",Dana
"Jeon, C.-B., Moon, H., Choi, K., Chon, B. S., & Lee, K.",2023,MedleyVox: An Evaluation Dataset for Multiple Singing Voices Separation,"The authors define the problem by categorizing multi-singing tasks and propose a construction strategy to create training mixtures from single-singing datasets. They introduce the Improved Super-Resolution Network (iSRNet), which is jointly trained with Conv-TasNet to enhance separation performance.",MedleyVox (a curated evaluation dataset for multiple singing voices) and a constructed training set using various single-voice corpora.,"Jeon, C.-B., Moon, H., Choi, K., Chon, B. S., & Lee, K. (2023). MedleyVox: An evaluation dataset for multiple singing voices separation. 2023 IEEE International Conference on Acoustics, Speech and Signal Processing (ICASSP), 1–5. https://doi.org/10.1109/ICASSP49357.2023.10095425 ",Dana
"Mróz, B., Odya, P., & Kostek, B.",2022,Creating a Remote Choir Performance Recording Based on an Ambisonic Approach,The researchers utilized Ambisonic microphone techniques (specifically a first-order Ambisonic microphone) to record individual singers and then processed the audio to simulate a choir performance. They also employed eye-tracking technology to analyze the visual engagement of the conductor/listener with the virtual choir interface.,The study involved the creation of a custom remote music recording of a choir performance specifically for the experiment.,"Mróz, B., Odya, P., & Kostek, B. (2022). Creating a remote choir performance recording based on an ambisonic approach. Applied Sciences, 12(7), 3316. https://doi.org/10.3390/app12073316 ",Dana
"Sarkar, S., Thorpe, L., Benetos, E., & Sandler, M. B.",2023,Leveraging Synthetic Data for Improving Chamber Ensemble Separation,The authors propose a pre-training strategy and data augmentation pipeline using synthetic data to improve the performance of separation models on real-world recordings. They demonstrate that pre-training with synthetic ensembles significantly boosts the separation quality of vocal harmony mixtures.,"EnsembleSet (synthetic chamber ensemble dataset), URMP (real-world chamber music), Bach Chorales, and Barbershop Quartet datasets.","Sarkar, S., Thorpe, L., Benetos, E., & Sandler, M. B. (2023). Leveraging synthetic data for improving chamber ensemble separation. 2023 IEEE Workshop on Applications of Signal Processing to Audio and Acoustics (WASPAA), 1–5. https://doi.org/10.1109/WASPAA58344.2023.10248118 ",Dana
"Lanzendörfer, L. A., Pinkl, C., Grötschla, F., & Wattenhofer, R.",2025,SepACap: Source Separation for A Cappella Music,"The authors introduced SepACap, an adaptation of the SepReformer architecture (a state-of-the-art speaker separation model). They enhanced the model with periodic activations (Snake functions) and a composite loss function designed to handle ""silent stems""—ensuring the model doesn't hallucinate audio when a voice part is resting. They also used a power-set data augmentation strategy to train the model on varying ensemble sizes.","JaCappella (a dataset of a cappella vocal ensembles) was used for training and evaluation, demonstrating state-of-the-art performance in separating varying numbers of singers.","Lanzendörfer, L. A., Pinkl, C., Grötschla, F., & Wattenhofer, R. (2025). SepACap: Source separation for a cappella music. arXiv preprint arXiv:2509.26580. https://doi.org/10.48550/arXiv.2509.26580 ",Dana
"Boratto, T., Costa, G. d. O., Meireles, A., Alves, A. K. S. T. R., Saporetti, C. M., Bodini, M., Cury, A., & Goliatt, L.",2025,Machine Learning with Evolutionary Parameter Tuning for Singing Registers Classification,"The study proposed a hybrid approach combining standard Machine Learning models (Support Vector Machines, Multi-Layer Perceptrons, and Extreme Gradient Boosting (XGB)) with a Differential Evolution (DE) algorithm. The DE algorithm automatically ""evolves"" and tunes the hyperparameters of the classifiers to maximize accuracy in identifying the physiological register of the singer from the audio signal.","A custom dataset of 350 audio files encompassing chest, mixed, and head registers was constructed and processed using the TSFEL (Time Series Feature Extraction Library) to generate inputs for the models.","Boratto, T., Costa, G. d. O., Meireles, A., Alves, A. K. S. T. R., Saporetti, C. M., Bodini, M., Cury, A., & Goliatt, L. (2025). Machine learning with evolutionary parameter tuning for singing registers classification. Signals, 6(1), 9. https://doi.org/10.3390/signals6010009 ",Dana
"Weiss, C., Schreiber, H., & Müller, M.",2022,Comparing Deep Models and Evaluation Strategies for Multi-Pitch Estimation in Music Recordings,"The authors conducted a rigorous comparative analysis of state-of-the-art deep learning architectures (including DeepSalience and U-Net variants) specifically applied to choral music. They investigated different output representations and training strategies to optimize the detection of individual voices within a choir section (e.g., distinguishing multiple tenors).",The study utilized the Carus Audio Corpus (a large dataset of multitrack choral and sacred music) and the Schubert Winterreise dataset for evaluation.,"Weiss, C., Schreiber, H., & Müller, M. (2022). Comparing deep models and evaluation strategies for multi-pitch estimation in music recordings. Transactions of the International Society for Music Information Retrieval (TISMIR), 5(1), 1–16. https://ieeexplore-ieee-org.dlsu.idm.oclc.org/document/9865174 ",Dana
"Cuesta, H., & Gómez, E.",2022,Voice Assignment in Vocal Quartets Using Deep Learning Models Based on Pitch Salience,"The authors proposed a deep learning framework that takes a pitch salience representation (a time-frequency representation that emphasizes pitch content) as input. They trained Convolutional Neural Networks (CNNs) to learn the specific tessituras and spectral characteristics of each voice part, allowing the model to assign detected pitches to the correct singer (SATB) even when their ranges overlap.","The models were trained and evaluated using a combination of Bach Chorales (Western classical tradition) and Barbershop Quartets (a genre characterized by close harmony and specific tuning), testing the model's ability to generalize across different polyphonic vocal styles.","Cuesta, H., & Gómez, E. (2022). Voice assignment in vocal quartets using deep learning models based on pitch salience. Transactions of the International Society for Music Information Retrieval, 5(1), 99–112. https://go-gale-com.dlsu.idm.oclc.org/ps/i.do?p=AONE&u=dlsu&id=GALE%7CA705711774&v=2.1&it=r ",Dana
"Yeh, Y.-C., Hsiao, W.-Y., Fukayama, S., Kitahara, T., Genchel, B., Liu, H.-M., Dong, H.-W., Chen, Y., Leong, T., & Yang, Y.-H.",2021,Automatic Melody Harmonization with Triad Chords: A Comparative Study,"The authors implemented and evaluated five distinct ""canonical"" models to harmonize melodies:

Template Matching (based on pitch class profiles)

Hidden Markov Model (HMM)

Genetic Algorithm (GA)

Deep Learning Models (specifically Bi-directional LSTM networks, including a proposed ""MTHarmonizer"" that predicts chords for half-bars). They compared these methods using both objective metrics (chord diversity, tonal distance) and subjective listening tests.","A newly collected dataset of 9,226 melody/chord pairs (Lead sheets) was created specifically for this study to ensure a standardized training and testing ground for the different algorithms.","Yeh, Y.-C., Hsiao, W.-Y., Fukayama, S., Kitahara, T., Genchel, B., Liu, H.-M., Dong, H.-W., Chen, Y., Leong, T., & Yang, Y.-H. (2021). Automatic melody harmonization with triad chords: A comparative study. Journal of New Music Research, 50(1), 37–51. https://www.tandfonline.com/doi/full/10.1080/09298215.2021.1873392 ",Dana
"Cuesta, H., Kroher, N., Pikrakis, A., & Djordjevic, S.",2023,DAACI-VoDAn: Improving Vocal Detection with New Data and Methods,"The authors proposed a data-driven framework called DAACI-VoDAn. They improved standard Deep Learning vocal detection models by introducing new data augmentation strategies that mimic the sparse and overlapping nature of choral textures. They evaluated the system's ability to reduce ""false positives"" (detecting a voice when it is actually resting) in dense mixtures.",The study utilized a new proprietary dataset (DAACI-VoDAn dataset) alongside public corpora to benchmark the improvement in detection accuracy against standard baselines.,"Cuesta, H., Kroher, N., Pikrakis, A., & Djordjevic, S. (2023). DAACI-VoDAn: Improving vocal detection with new data and methods. Proceedings of the 31st European Signal Processing Conference (EUSIPCO), 66–70. https://ieeexplore-ieee-org.dlsu.idm.oclc.org/document/10289758 ",Dana
"Rosenzweig, S., Cuesta, H., & Müller, M.",2022,Adaptive Pitch-Shifting with Applications to Intonation Adjustment in a Cappella Recordings,"The researchers developed an adaptive pitch-shifting algorithm based on non-linear time-scale modification (TSM) and resampling. Unlike standard ""Auto-Tune"" which snaps pitch to a rigid grid, this algorithm calculates a time-varying resampling curve that respects the continuous nature of the singing voice, allowing for subtle intonation corrections that maintain the ""choir effect.""",The method was evaluated using multitrack a cappella recordings (including segments from the Carus Audio Corpus) to verify that individual stems could be tuned effectively without bleeding artifacts.,"Rosenzweig, S., Cuesta, H., & Müller, M. (2022). Adaptive pitch-shifting with applications to intonation adjustment in a cappella recordings. Proceedings of the 25th International Conference on Digital Audio Effects (DAFx), 1–8. https://ieeexplore-ieee-org.dlsu.idm.oclc.org/document/9768268 ",Dana
"Hyodo, H., Takamichi, S., Nakamura, T., Koguchi, J., & Saruwatari, H.",2022,DNN-Based Ensemble Singing Voice Synthesis with Interactions Between Singers,"The authors developed a novel interaction-aware DNN framework.

Network Architecture: A multi-track structure where each voice part's generation is conditioned not just on its own score, but also on the scores and acoustic features of other voice parts.

Loss Functions: They introduced specific ""interaction losses""—an F0 difference loss (to encourage pitch coherence between singers) and a Power difference loss (to balance volume levels), forcing the model to learn how singers adjust to one another.

Synchrony-Aware Padding: A data preprocessing technique ensuring that notes with simultaneous onsets across different parts are processed together, preserving musical timing integrity.","The model was trained and evaluated using a dataset of quartet singing (likely a custom or proprietary dataset given the authors, but potentially based on the CSD or similar multitrack resources converted for SVS tasks), specifically focusing on scenarios with one singer per voice part (SATB-style).","Hyodo, H., Takamichi, S., Nakamura, T., Koguchi, J., & Saruwatari, H. (2024). DNN-based ensemble singing voice synthesis with interactions between singers. Proceedings of the 2024 IEEE Spoken Language Technology Workshop (SLT), 660–667. https://ieeexplore-ieee-org.dlsu.idm.oclc.org/document/10832340 ",Dana
"Weiss, C., & Müller, M.",2024,Style Evolution in Western Choral Music: A Corpus-Based Strategy,"The authors developed a method to generate ""evolution curves"" for choral music features. They utilized a deep learning-based pitch-class estimation model (trained on aligned score-audio pairs) to robustly analyze the dense polyphony of choir recordings (from the Carus Audio Corpus). This approach allows for the automated analysis of harmony and tonality in actual choral performances, handling the acoustic complexity of choir reverberation and blend.","Carus Audio Corpus (over 5,700 tracks of Western choral and sacred music).","Weiss, C., & Müller, M. (2024). Style evolution in Western choral music: A corpus-based strategy. Computational Humanities Research. Advance online publication. https://www.cambridge.org/core/services/aop-cambridge-core/content/view/18A4D5A8C065709EE3A84E75A5BA6D19/S297781582510016Xa.pdf/style-evolution-in-western-choral-music-a-corpus-based-strategy.pdf ",Dana
"Kim, M., Choi, J., Kim, H., & Lee, K.",2023,MuSE-SVS: Multi-Singer Emotional Singing Voice Synthesizer that Controls Emotional Intensity,"The researchers developed a multi-speaker Text-to-Speech (TTS) architecture adapted for singing. They introduced a statistical pitch predictor and a context-aware residual duration predictor to manage the subtle pitch and timing variations that occur when different singers perform together with varying emotional intensity. This allows for the creation of synthetic ensembles where each ""singer"" has a distinct but controllable character.","Trained on a multi-singer dataset (likely including emotionally annotated singing samples) to learn the mapping between singer identity, emotion, and acoustic output.","Kim, M., Choi, J., Kim, H., & Lee, K. (2023). MuSE-SVS: Multi-singer emotional singing voice synthesizer that controls emotional intensity. IEEE/ACM Transactions on Audio, Speech, and Language Processing, 31, 1–15. https://ieeexplore-ieee-org.dlsu.idm.oclc.org/document/10179970 ",Dana
"Kadiri, S. R., Alku, P., & Yegnanarayana, B. ",2020,Analysis and classification of phonation types in speech and singing voice,"- Acoustic analysis of phonation types (breathy, modal, pressed) in speech and singing
- Feature extraction without source–filter decomposition
- Signal processing methods: Zero Frequency Filtering (ZFF), Zero Time Windowing (ZTW), and Single Frequency Filtering (SFF)
- Extraction of scalar excitation features and cepstral coefficients (ZTWCCs, SFFCCs)
- Statistical analysis using one-way ANOVA and Tukey’s HSD
- Classification using Support Vector Machines (SVM) with 10-fold cross-validation","Speech dataset: 792 Finnish vowel samples from 11 speakers (breathy, modal, pressed phonation)

Singing dataset: 763 sustained vowels sung by a professional soprano (breathy, modal, pressed)

Both datasets downsampled to 8 kHz for analysis","Kadiri, S. R., Alku, P., & Yegnanarayana, B. (2020). Analysis and classification of phonation types in speech and singing voice. Speech Communication, 118, 33–47. https://doi.org/10.1016/j.specom.2020.02.004",Marian
"Faghih, B., Shoari Nejad, A., & Timoney, J.",2024,Modelling note’s pitch and duration in trained professional singers,"- Statistical modeling of singing performance deviations at the note level
- Bayesian Hierarchical Linear Regression (BHLR) to model pitch (F0) and duration deviations from score-based ground truth
- Analysis of eight explanatory variables, including pitch interval context, rests, note repetition (pitch drift), score-based duration, MIDI pitch code, and singing technique
- Separation of population-level and singer-specific effects through hierarchical modeling
- Model validation using posterior predictive checks and uncertainty calibration
- Derivation of empirical prediction ranges to estimate acceptable pitch and duration variability","- Annotated-VocalSet (derived from VocalSet)
- 2,688 solo singing recordings
- 20 trained professional singers (11 male, 9 female; multiple voice types)
- Approximately 7 hours of annotated singing data
- Includes scales, arpeggios, long tones, and musical excerpts
- Annotated with note onsets/offsets, MIDI pitch codes, singing techniques, and score-aligned metadata","Faghih, B., Shoari Nejad, A., & Timoney, J. (2024). Modelling note’s pitch and duration in trained professional singers. EURASIP Journal on Audio, Speech, and Music Processing, 2024(60). https://doi.org/10.1186/s13636-024-00380-4",Marian
"Zhang, X., Yu, Y., Gao, Y., Chen, X., & Li, W.",2020,Research on Singing Voice Detection Based on a Long-Term Recurrent Convolutional Network with Vocal Separation and Temporal Smoothing,"The researchers proposed a complete singing voice detection system that combines deep learning with signal-processing-based preprocessing and postprocessing. First, a U-Net–based singing voice separation model is applied to reduce accompaniment interference and isolate vocal signals. From the separated audio, multiple acoustic features (MFCC, PLP, LPCC, and spectral statistics) are extracted and fused. A Long-Term Recurrent Convolutional Network (LRCN), combining convolutional layers for feature fusion and LSTM layers for temporal context modeling, is then trained to classify vocal and non-vocal segments. Finally, temporal smoothing techniques (median filtering, HMM, and CRF) are applied to stabilize frame-level predictions and improve segment consistency.","- Jamendo Corpus (93 songs with vocal/non-vocal annotations)
- RWC Popular Music Dataset (100 annotated songs)
- MIR-1K (1000 vocal–accompaniment clips)
- iKala (252 professional singing excerpts)
- MedleyDB (61 multitrack recordings with derived vocal labels)","Zhang, X., Yu, Y., Gao, Y., Chen, X., & Li, W. (2020). Research on singing voice detection based on a long-term recurrent convolutional network with vocal separation and temporal smoothing. Electronics, 9(9), 1458. https://doi.org/10.3390/electronics9091458",Marian
"Li, X., & He, C.",2024,Incorporating Cumulative Mean Normalized Difference Function towards Intepretable Monophonic Singing Voice Pitch Extraction,"The researchers proposed a hybrid pitch extraction model, called YinNet, that integrates traditional digital signal processing (DSP) knowledge with deep learning for improved interpretability and robustness. The model embeds the cumulative mean normalized difference function (CMNDF) from the classical YIN algorithm into a neural network module to generate structured pitch candidates from raw audio waveforms. A Transformer-based multi-head self-attention (MHSA) decoder is then used to model inter-frame temporal dependencies and select the most reliable pitch trajectory. By combining DSP priors with neural representation learning, the system achieves accurate pitch estimation with fewer parameters while maintaining robustness to noise and improved generalization across datasets.","MIR-1K: 1,000 monophonic singing clips recorded from Chinese karaoke, with separated vocal tracks

iKala: 252 professionally recorded English singing excerpts

Both datasets evaluated using the isolated singing voice channel

Additional experiments conducted under varying noise conditions and cross-dataset testing","Li, X., & He, C. (2024). Incorporating cumulative mean normalized difference function towards interpretable monophonic singing voice pitch extraction. In Proceedings of the 9th International Conference on Intelligent Computing and Signal Processing (ICSP) (pp. 709–713). IEEE. https://doi.org/10.1109/ICSP62122.2024.10743813",Marian
"Saxena, K. R., & Arora, V.",2024,Interactive Singing Melody Extraction Based on Active Adaptation,"An interactive melody extraction framework using a CNN-based pitch classifier combined with confidence modeling to identify low-confidence frames for annotation. The system applies active learning to select informative samples and adapts to new musical domains using model-agnostic meta-learning, explicitly handling class imbalance to enable robust melody extraction with minimal annotated data.","MIR-1K (source domain)

ADC2004 and MIREX05 (polyphonic melody benchmarks)

HAR dataset: 523 Hindustani classical singing recordings (≈6.8 hours), publicly released","Saxena, K. R., & Arora, V. (2024). Interactive singing melody extraction based on active adaptation. IEEE/ACM Transactions on Audio, Speech, and Language Processing, 32, 2729–2742. https://doi.org/10.1109/TASLP.2024.3399614",Marian
"Zhao, Z., Luo, M., Qiao, X., Shao, C., & Sun, R.",2025,Attention-Driven Time-Domain Convolutional Network for Source Separation of Vocal and Accompaniment,"The researchers proposed an end-to-end time-domain source separation model that operates directly on raw audio waveforms. The system is built on a temporal convolutional network (TCN) backbone and integrates two attention mechanisms: an Embedding Attention Module (EAM) to adaptively weight source embeddings during feature fusion, and an Efficient Convolutional Block Attention Module (E-CBAM) to enhance temporal and channel-wise feature representation. By combining attention-driven feature refinement with time-domain convolution, the model preserves phase information and improves separation quality. The network is trained using scale-invariant signal-to-noise ratio (SI-SNR) as the optimization objective and evaluated against state-of-the-art separation models.","MUSDB18: Standard music source separation benchmark with professionally mixed tracks

iKala: Singing voice separation dataset with isolated vocal and accompaniment tracks

Audio sampled at 44.1 kHz and evaluated under single-channel mixture conditions","Zhao, Z., Luo, M., Qiao, X., Shao, C., & Sun, R. (2025). Attention-driven time-domain convolutional network for source separation of vocal and accompaniment. Electronics, 14(20), 3982. https://doi.org/10.3390/electronics14203982",Marian
"Parekh, S., Essid, S., & Richard, G.",2021,Audiovisual singing voice separation,"The researchers proposed a multimodal singing voice separation system that jointly exploits audio and visual information from performance videos. The model uses convolutional neural networks to extract features from audio spectrograms and synchronized video frames capturing mouth and facial movements. These modality-specific representations are fused within a deep neural architecture to guide vocal–accompaniment separation, allowing the system to better distinguish the target singing voice from instruments and backing vocals. The approach explicitly leverages visual cues related to vocal activity to improve separation robustness in challenging polyphonic and visually diverse performance conditions. Objective separation metrics and subjective listening tests are used to validate the effectiveness of audiovisual fusion over audio-only baselines.","URSing dataset (introduced in this study)
- Audiovisual recordings of solo singing performances
- Includes professional and semi-professional singers
- Contains challenging scenarios with backing vocals and accompaniment

Additional evaluation conducted on standard audio-only singing voice separation benchmarks","Parekh, S., Essid, S., & Richard, G. (2021). Audiovisual singing voice separation. Transactions of the International Society for Music Information Retrieval, 4(1), 246–259. https://doi.org/10.5334/tismir.86",Marian
"Faghih, B., Chakraborty, S., Yaseen, A., & Timoney, J.",2022,A New Method for Detecting Onset and Offset for Singing in Real-Time and Offline Environments,"The researchers proposed a rule-based and signal-processing-driven method for detecting note onsets, offsets, and transitions in solo singing performances. The approach analyzes fundamental frequency (F0) contours and pitch trajectory slopes to identify temporal boundaries between notes, explicitly accounting for singing-specific characteristics such as legato transitions, soft onsets, and vibrato. Statistical decision rules are applied to distinguish true note boundaries from expressive pitch fluctuations. The system is designed to operate in both real-time and offline settings and is evaluated against multiple state-of-the-art onset detection algorithms.","Annotated-VocalSet (derived from VocalSet): professionally recorded solo singing data

Includes multiple voice types and singing techniques

Supplementary evaluation conducted on additional solo singing recordings to test real-time performance and robustness","Faghih, B., Chakraborty, S., Yaseen, A., & Timoney, J. (2022). A new method for detecting onset and offset for singing in real-time and offline environments. Applied Sciences, 12(9), 4487. https://doi.org/10.3390/app12094487",Marian
"He, Z., & Feng, Y.",2021,Singing transcription from polyphonic music using melody contour filtering,"The researchers proposed a signal-processing-based singing transcription system that extracts the predominant vocal melody from polyphonic music and converts it into note-level transcriptions. The approach constructs a salience spectrogram to emphasize vocal pitch candidates, applies edge-searching techniques to track continuous melody contours, and uses contour filtering with sliding-window breakpoint detection to remove unstable or spurious segments. Stable pitch lines are then segmented into notes by detecting onset and offset boundaries, yielding pitch and duration estimates for singing transcription. The method emphasizes interpretability and robustness to accompaniment interference without relying on deep learning.","MIR-1K: Karaoke-style polyphonic music with isolated vocal references

iKala: Professionally recorded singing excerpts with accompaniment

ADC2004 and MIREX melody extraction datasets for benchmarking

Evaluation conducted using standard MIREX melody and transcription metrics","He, Z., & Feng, Y. (2021). Singing transcription from polyphonic music using melody contour filtering. Applied Sciences, 11(9), 4051. https://doi.org/10.3390/app11094051",Marian
"Wager, S., Tzanetakis, G., Wang, C.-i., & Kim, M.",2020,Deep Autotuner: A Pitch Correcting Network for Singing Performances,"The researchers proposed a data-driven, score-free pitch correction system that predicts note-level pitch shifts for solo singing based on harmonic alignment with the accompaniment. The method operates on constant-Q transform (CQT) representations of both the vocal and backing tracks and uses a deep neural network composed of convolutional layers followed by a gated recurrent unit (GRU) to model note-level temporal context. Instead of snapping pitches to discrete scale degrees, the model estimates continuous pitch shifts that correct unintended intonation errors while preserving expressive variations such as vibrato and pitch bending. Training data are generated by synthetically detuning in-tune performances, allowing the network to learn to distinguish intentional expression from pitch inaccuracies. The system is evaluated using both objective pitch error metrics and subjective listening tests.","Intonation dataset (derived from Smule recordings)

4,702 solo karaoke-style singing performances selected for good intonation

Western popular music repertoire with aligned accompaniment tracks

Split into training (4,561), validation (49), and test (64) performances

Additional real-world test set with 24 newly recorded singing performances for subjective evaluation","Wager, S., Tzanetakis, G., Wang, C.-i., & Kim, M. (2020). Deep autotuner: A pitch correcting network for singing performances. In Proceedings of the IEEE International Conference on Acoustics, Speech and Signal Processing (ICASSP) (pp. 246–250). IEEE. https://doi.org/10.1109/ICASSP40776.2020.9053208",Marian
"Parker, J. D., Spijkervet, J., Kosta, K., Yesiler, F., Kuznetsov, B., Wang, J., Avent, M., Chen, J., & Le, D.",2024,Generative Audio / Stem Generation,"- ""Listening"" Model: Uses a non-autoregressive Transformer that conditions on musical context (e.g., drums) to generate coherent stems (e.g., bass).

- Contextual Coherence: Optimizes for spectral and rhythmic alignment with the input mix rather than just audio quality.",- Proprietary & Open Source: Trained on a combination of internal datasets and open multi-track data to learn stem relationships.,"Parker, J. D., Spijkervet, J., Kosta, K., Yesiler, F., Kuznetsov, B., Wang, J., Avent, M., Chen, J., & Le, D. (2024). StemGen: A music generation model that listens. In 2024 IEEE International Conference on Acoustics, Speech and Signal Processing (ICASSP) (pp. 1116-1120). IEEE.",Kean
"Weck, B., Manco, I., Benetos, E., Quinton, E., Fazekas, G., & Bogdanov, D.",2024,Music Understanding / Evaluation,"- Benchmark Creation: Developed MuChoMusic, a benchmark to test if multimodal ""Audio LLMs"" genuinely understand music or rely on text priors.

- Evaluation: Tested 5 open-source models on 1,187 validated questions, revealing a significant ""text bias"" where models ignore audio cues.","- MuChoMusic: 1,187 manually validated multiple-choice questions based on tracks from MTG-Jamendo and other open corpora.","Weck, B., Manco, I., Benetos, E., Quinton, E., Fazekas, G., & Bogdanov, D. (2024). MuChoMusic: Evaluating music understanding in multimodal audio-language models. In Proceedings of the 25th International Society for Music Information Retrieval Conference (ISMIR) (pp. 825-833).",Kean
"Steinmetz, C. J., Singh, S., Comunità, M., Ibnyahya, I., Yuan, S., Benetos, E., & Reiss, J. D",2024,Differentiable Audio Effects / Style Transfer,"- Inference-Time Optimization (ITO): Optimizes the parameters of a differentiable DSP chain (EQ, Compressor) to match a reference style at inference time.

- White-Box AI: Produces interpretable plugin parameters rather than a black-box audio output.","- Multiple: MTG-Jamendo, ENST-Drums, FSD50k, and GuitarSet used to train the style-matching encoder.","Steinmetz, C. J., Singh, S., Comunità, M., Ibnyahya, I., Yuan, S., Benetos, E., & Reiss, J. D. (2024). ST-ITO: Controlling audio effects for style transfer with inference-time optimization. In Proceedings of the 25th International Society for Music Information Retrieval Conference (ISMIR) (pp. 661-668).",Kean
"Wen, Y., Kim, M., & Smaragdis, P.",2025,Interactive Source Separation,"- User-Guided Diffusion: Integrates user inputs (humming, text descriptions) into a diffusion model to guide the separation of specific sources.

- Guided Priors: Uses a diffusion model conditioned on the user's ""query"" to isolate targets not defined in standard stems.",- MoisesDB & HumTrans: Used to train the model on complex mixtures and align humming prompts with stems.,"Wen, Y., Kim, M., & Smaragdis, P. (2025). User-guided generative source separation. In Proceedings of the 26th International Society for Music Information Retrieval Conference (ISMIR) (pp. 821-829).",Kean
"Afchar, D., Meseguer-Brocal, G., Akesbi, K., & Hennequin, R.",2025,Deepfake Detection / AI Artifacts,"- Fourier Analysis: Mathematically proves that generative architectures (specifically deconvolution layers) leave distinct spectral ""fingerprints.""

- Detection: Proposes a simple, interpretable criterion for detecting AI-generated music based on these spectral periodicities.","- Synthetic Data: Generated outputs from commercial models (Suno, Udio) and open-source models (MusicGen) analyzed against real audio.","Afchar, D., Meseguer-Brocal, G., Akesbi, K., & Hennequin, R. (2025). A Fourier explanation of AI-music artifacts. In Proceedings of the 26th International Society for Music Information Retrieval Conference (ISMIR) (pp. 739-746).",Kean
"Riou, A., Lattner, S., Hadjeres, G., Anslow, M., & Peeters, G.",2024,Stem Compatibility / Retrieval,"- Joint-Embedding Predictive Architecture (JEPA): Learns a shared embedding space where compatible stems (e.g., bass and drums) map closely together.

- Self-Supervised Learning: Predicts the embedding of a missing stem from the mix context, enabling ""zero-shot"" compatibility search.",- Multi-track Dataset: Large-scale internal dataset of separated tracks used to learn musical compatibility.,"Riou, A., Lattner, S., Hadjeres, G., Anslow, M., & Peeters, G. (2024). Stem-JEPA: A joint-embedding predictive architecture for musical stem compatibility estimation. In Proceedings of the 25th International Society for Music Information Retrieval Conference (ISMIR) (pp. 625-633).",Kean
"Take, O., Watanabe, K., Nakatsuka, T., Cheng, T., Nakano, T., Goto, M., Takamichi, S., & Saruwatari, H.",2024,Audio Effects / Reverse Engineering,"- Iterative Estimation: A deep neural network iteratively estimates the last applied effect in a chain and ""undoes"" it to recover the dry signal.

- Blind Estimation: Capable of reconstructing the effect chain without prior knowledge of the specific plugins used.","- Simulated FX Chains: Guitar recordings processed with various chains of distortion, EQ, and reverb for training.","Take, O., Watanabe, K., Nakatsuka, T., Cheng, T., Nakano, T., Goto, M., Takamichi, S., & Saruwatari, H. (2024). Audio effect chain estimation and dry signal recovery from multi-effect-processed musical signals. In Proceedings of the 27th International Conference on Digital Audio Effects (DAFx) (pp. 1-8).",Kean
"Manco, I., Salamon, J., & Nieto, O.",2024,Cross-Modal Retrieval / Contrastive Learning,"- Augmentation Recipe: Uses LLMs to rewrite captions (""Augment""), drops semantic parts (""Drop""), and swaps entities (""Swap"") to create hard negatives.

- Efficiency: Improves retrieval performance and robustness without increasing the dataset size.",- MSD & MTG-Jamendo: Standard datasets enriched with LLM-generated synthetic captions for contrastive learning.,"Manco, I., Salamon, J., & Nieto, O. (2024). Augment, drop & swap: Improving diversity in LLM captions for efficient music-text representation learning. In Proceedings of the 25th International Society for Music Information Retrieval Conference (ISMIR) (pp. 938-945).",Kean
"Plaja-Roglans, G., Serra, X., & Rocamora, M.",2025,Non-Western Source Separation,"- Regression-Guided Diffusion: Uses a regression model to estimate ""bleeding"" and guide a latent diffusion model for cleaner separation.

- Context: Specifically targets Carnatic music, handling non-Western pitch curves (gamakas) and dense instrumentation.",- Saraga & Sanidha: High-quality multitrack datasets specifically curated for Carnatic music research.,"Plaja-Roglans, G., Serra, X., & Rocamora, M. (2025). Singing voice separation from Carnatic music mixtures using a regression-guided latent diffusion model. In Proceedings of the 26th International Society for Music Information Retrieval Conference (ISMIR) (pp. 830-838).",Kean
"Riley, X., Guo, Z., Edwards, A. C., & Dixon, S.",2024,Automatic Transcription / Dataset,"- Dataset Creation: Built the largest aligned dataset for classical guitar using Dynamic Time Warping (DTW) and fine-grained alignment.

- Benchmarking: Established new baselines for polyphonic guitar transcription using the new data.",- GAPS: 14 hours of aligned audio and scores from over 200 performers (Guitar-Aligned Performance Scores).,"Riley, X., Guo, Z., Edwards, A. C., & Dixon, S. (2024). GAPS: A large and diverse classical guitar dataset and benchmark transcription model. In Proceedings of the 25th International Society for Music Information Retrieval Conference (ISMIR) (pp. 611-617).",Kean
"Doh, S., Lee, M., Jeong, D., & Nam, J.",2024,Text-to-Music Retrieval,"- TTMR++: Uses a fine-tuned LLM to enrich sparse music tags into dense, descriptive captions.

- Joint Embedding: Trains a retrieval model on these enriched captions to handle complex natural language queries more effectively.",- Music Tag Datasets: Existing tag datasets augmented with synthetic descriptions generated by the LLM.,"Doh, S., Lee, M., Jeong, D., & Nam, J. (2024). Enriching music descriptions with a finetuned-LLM and metadata for text-to-music retrieval. In 2024 IEEE International Conference on Acoustics, Speech and Signal Processing (ICASSP) (pp. 826-830). IEEE.",Kean
"Morsi, A., Zhang, H., Maezawa, A., Dixon, S., & Serra, X.",2024,Performance Analysis / Education,"- Mistake Taxonomy: Developed a hierarchical classification of common piano student errors.

- Simulation Pipeline: Created a system to inject realistic mistakes into MIDI performances to train assessment models.",- Piano Performance Data: Real-world student recordings used to model error distributions and create synthetic training data.,"Morsi, A., Zhang, H., Maezawa, A., Dixon, S., & Serra, X. (2024). Simulating piano performance mistakes for music learning contexts. In Proceedings of the 18th Sound and Music Computing Conference (SMC).",Kean
"Novack, Z., McAuley, J., Berg-Kirkpatrick, T., & Bryan, N. J.",2024,Generative Music / Optimization,"- T-Optimization: Optimized the reverse diffusion trajectory to reduce sampling steps without quality loss.

- Distillation: Distilled a large pre-trained diffusion model for real-time inference capabilities.",- MusicCaps: Used for evaluation of text-adherence and audio quality (FAD/CLAP scores).,"Novack, Z., McAuley, J., Berg-Kirkpatrick, T., & Bryan, N. J. (2024). DITTO-2: Distilled diffusion inference-time T-optimization for music generation. In Proceedings of the 25th International Society for Music Information Retrieval Conference (ISMIR) (pp. 874-881).",Kean
"Sarkar, S., Moomijan, V., Woods, B., Benetos, E., & Sandler, M.",2025,Source Separation Evaluation,"- Segment-wise Evaluation: Critiques standard averaged metrics (SDR) which hide local failures.

- New Metrics: Proposes perceptual metrics that better correlate with human judgment of separation quality.",- MusDB18: Used as the test bed to demonstrate the flaws of traditional evaluation metrics.,"Sarkar, S., Moomijan, V., Woods, B., Benetos, E., & Sandler, M. (2025). Looking beyond averaged metrics in music source separation. In Proceedings of the 26th International Society for Music Information Retrieval Conference (ISMIR) (pp. 839-846).",Kean
"Chandna, P., Cuesta, H., Petermann, D., & Gómez, E.",2022,"A Deep-Learning Based Framework for Source Separation, Analysis, and Synthesis of Choral Ensembles","The researchers proposed a comprehensive deep learning framework for modeling choral ensembles that integrates source separation, pitch analysis, and singing synthesis. Multiple end-to-end neural architectures (U-Net, Wave-U-Net, Open-Unmix, and Conv-TasNet) are adapted and evaluated for SATB voice separation in unison and multi-singer choir recordings. The framework further introduces a method for estimating perceived unison pitch from multiple singers and supports analysis–resynthesis pipelines, enabling tasks such as unison-to-solo conversion, solo-to-unison synthesis, and choral remixing. Both objective metrics and listening tests are used to assess system performance and perceptual quality.","ChoralSingingDataset (SATB choir recordings with multiple singers per part)

Cantoría dataset (professional choir recordings)

Bach Chorales (synthetic and score-informed choral data for controlled experiments)

Includes real and synthetic choral audio covering unison and polyphonic SATB textures","Chandna, P., Cuesta, H., Petermann, D., & Gómez, E. (2022). A deep-learning based framework for source separation, analysis, and synthesis of choral ensembles. Frontiers in Signal Processing, 2, 808594. https://doi.org/10.3389/frsip.2022.808594",Marian
"Yuan, W., Wang, S., Wang, J., Unoki, M., & Wang, W.",2023,Unsupervised Deep Unfolded Representation Learning for Singing Voice Separation.,"The researchers proposed an unsupervised singing voice separation framework based on deep unfolded representation learning, where each network layer corresponds to an iteration of an optimization algorithm. The model, referred to as DURL, explicitly incorporates signal priors such as non-negativity, sparsity, and reconstruction constraints into a learnable encoder–decoder architecture. An extended variant integrates optimal transport (OT) to better align latent representations of vocal and accompaniment sources. By embedding optimization principles into the network design, the approach achieves interpretable latent representations while maintaining competitive separation performance without requiring labeled source data. The system is evaluated under both unsupervised and supervised settings and compared against conventional deep encoders and attention-based models.","MUSDB18: Standard music source separation benchmark
- 150 professionally mixed tracks
- Includes isolated vocal and accompaniment stems

Experiments conducted on vocal–accompaniment mixtures derived from the dataset

Evaluation performed using SI-SDR and related source separation metrics","Yuan, W., Wang, S., Wang, J., Unoki, M., & Wang, W. (2023). Unsupervised deep unfolded representation learning for singing voice separation. IEEE/ACM Transactions on Audio, Speech, and Language Processing, 31, 2503–2517. https://doi.org/10.1109/TASLP.2023.3290791",Marian
"Bhattarai, B., Pandeya, Y. R., Jie, Y., Lamichhane, A. K., & Lee, J.",2023,High-Resolution Representation Learning and Recurrent Neural Network for Singing Voice Separation,"The researchers proposed a deep learning–based singing voice separation system that preserves fine-grained spectral details by maintaining high-resolution feature representations throughout the network. The model adapts a High-Resolution Network (HRNet) architecture, originally developed for computer vision, to time–frequency audio representations and integrates Long Short-Term Memory (LSTM) layers to capture temporal dependencies in singing performances. By avoiding aggressive downsampling, the system retains harmonic structure critical for vocal separation. The network predicts soft time–frequency masks that are applied to mixture spectrograms to separate vocal and accompaniment signals. Performance is evaluated against state-of-the-art separation models using standard MIR metrics.","MUSDB18: Standard benchmark for music source separation

iKala: Singing voice separation dataset with professional recordings

NISVS dataset (introduced in this study):
- 100 Korean Pansori singing recordings
- Includes culturally specific solo singing performances

All datasets evaluated under single-channel mixture conditions","Bhattarai, B., Pandeya, Y. R., Jie, Y., Lamichhane, A. K., & Lee, J. (2023). High-resolution representation learning and recurrent neural network for singing voice separation. Circuits, Systems, and Signal Processing, 42, 4800–4824. https://doi.org/10.1007/s00034-023-02377-9",Marian
"Park, J., Choi, K., Oh, S., Kim, L., & Park, J.",2023,Note-level singing melody transcription with transformers,"The researchers proposed an end-to-end note-level singing melody transcription system based on a sequence-to-sequence Transformer architecture. The encoder processes time–frequency audio features extracted from polyphonic music, while the decoder predicts symbolic note events representing pitch, onset, and offset information. To improve temporal continuity and transcription accuracy, the model introduces overlapping decoding between adjacent audio segments, pitch-shift augmentation to reduce pitch bias, and dataset noise filtering to handle annotation inconsistencies. The system directly outputs structured note sequences without relying on intermediate frame-level melody extraction, enabling more coherent transcription of expressive singing performances.","MIR-1K: Karaoke-style polyphonic singing recordings with vocal annotations

iKala: Professionally recorded singing excerpts with accompaniment

DALI (filtered subset): Noisy singing data used with cleansing procedures

Evaluation conducted using standard melody transcription and note-level metrics via mir_eval","Park, J., Choi, K., Oh, S., Kim, L., & Park, J. (2023). Note-level singing melody transcription with transformers. Intelligent Data Analysis, 27(5), 1231–1250. https://doi.org/10.3233/IDA-220053",Marian
"Lin, K. W. E., Balamurali, B. T., Koh, E., Lui, S., & Herremans, D.",2020,Singing voice separation using a deep convolutional neural network trained by ideal binary mask and cross entropy,"The researchers proposed a deep convolutional neural network (CNN) for singing voice separation that formulates the task as a pixel-wise classification problem on time–frequency representations. The model operates on short spectrogram excerpts and directly predicts soft vocal masks by learning Ideal Binary Mask (IBM) targets using a cross-entropy loss function. To improve convergence and generalization, the CNN is pretrained as an autoencoder on isolated singing voice spectrograms before supervised training on mixture signals. This design eliminates the need for Wiener filter post-processing and enables end-to-end estimation of vocal and accompaniment signals from polyphonic music.","iKala: Public karaoke-style dataset with isolated vocal and accompaniment tracks

DSD100: Professionally produced multitrack recordings used for source separation evaluation

Evaluation performed using standard BSS Eval metrics (SDR, SIR, SAR, NSDR) under MIREX- and SiSEC-style protocols","Lin, K. W. E., Balamurali, B. T., Koh, E., Lui, S., & Herremans, D. (2020). Singing voice separation using a deep convolutional neural network trained by ideal binary mask and cross entropy. Neural Computing and Applications, 32, 1037–1050. https://doi.org/10.1007/s00521-018-3933-z",Marian
"Turchet, L., Pauwels, J., Fischione, C., & Fazekas, G.",2020,Cloud-smart musical instrument interactions using a smart guitar for content-based music retrieval,"Design and development of a smart musical instrument (smart guitar prototype) combined with a user-centered study. The study involved interviews, system design, and experimental evaluation of three interaction methods (keyword-based, cloud computing, edge computing) across different user expertise levels (beginner, intermediate, expert).","- Interviews with 30 guitar players to derive search criteria
- User evaluation involving beginner, intermediate, and expert guitar players
- Large Creative Commons online music databases used for song retrieval","Turchet, L., Pauwels, J., Fischione, C., & Fazekas, G. (2020). Cloud-smart musical instrument interactions. ACM Transactions on Internet of Things, 1(3), 1–29. https://doi.org/10.1145/3377881 ",Yesha
"Turchet, L., Fischione, C., & Barthet, M.",2017,Internet of Musical Things (IoMUT): extending Internet of Things concepts to smart musical instruments and musical interaction ecosystems,"Conceptual and framework-based research. The paper proposes a theoretical model and system architecture for IoMUT, supported by analysis of technological implications, communication models, and interaction paradigms. No experimental user study was conducted.","None (Conceptual paper). The study does not use empirical datasets; instead, it synthesizes existing technologies, architectures, and use cases related to smart musical instruments and networked music systems.","Turchet, L., Fischione, C., & Barthet, M. (2017). Towards the Internet of Musical Things.",Yesha
"Acquilino, A., & Scavone, G.",2022,"Current state and future directions of technologies for music instrument pedagogy, focusing on software and hardware tools that support instrumental practice, feedback, and skill development","Narrative literature review / survey study. The paper systematically reviews existing music education technologies (software and hardware), classifies them by functionality and hardware components, analyzes their pedagogical strengths and limitations, and proposes future research and development directions. No experimental intervention was conducted.","Secondary data only:
– Survey of existing commercial and research-based music pedagogy software and systems (e.g., SmartMusic, SkyNote, Yousician, Tonestro, TonalEnergy, EarMaster, etc.)
– No participant-based empirical dataset; data derived from published literature, software documentation, and system features","Acquilino, A., & Scavone, G. (2022). Current State and Future Directions of Technologies for Music Instrument Pedagogy. Frontiers in Psychology, 13, 835609. https://doi.org/10.3389/fpsyg.2022.835609",Yesha
"Bagga, S., Maurer, B., Miller, T., Quinlan, L., Silvestri, L., Wells, D., et al.",2019,Robotic musical instrument tutoring: use of an interactive social robot (instruMentor) for teaching recorder playing through real-time demonstration and multimodal interaction,"Design-based research with pilot experimental evaluation. The study presents the design and implementation of a robotic tutor with robotic hands and a multimodal interface, followed by a pilot user study assessing learning effectiveness and user perception.",Primary empirical dataset collected from a pilot study with human participants (students learning the recorder). Data includes performance outcomes and user feedback on usability and effectiveness. The dataset size is small and exploratory in nature.,"Bagga, S., Maurer, B., Miller, T., Quinlan, L., Silvestri, L., Wells, D., et al. (2019). Instrumentor: An interactive robot for musical instrument tutoring. In Proceedings of the 20th Annual Conference on Towards Autonomous Robotic Systems (pp. 303–315). Springer International Publishing. https://doi.org/10.1007/978-3-030-23807-0_25",Yesha
"Fabiani, M., & Friberg, A.",2011,"Perception of musical instrument dynamics: influence of pitch, loudness, and timbre on listeners’ perception of dynamics in isolated instrumental tones","Controlled psychoacoustic listening experiment using a full factorial within-subjects design. Participants rated perceived dynamics of isolated tones across systematically varied pitch, loudness, and timbre conditions. Data were analyzed using repeated-measures ANOVA with effect size estimation (generalized eta-squared).","Primary experimental dataset consisting of listener ratings from 21 musically trained participants. Stimuli included recorded isolated tones from five instruments (clarinet, flute, trumpet, violin, piano) with controlled variations in pitch (3–4 levels), loudness (3 levels), and timbre (3 dynamics-related timbres).","Fabiani, M., & Friberg, A. (2011). Influence of pitch, loudness, and timbre on the perception of instrument dynamics. The Journal of the Acoustical Society of America, 130(4), EL193–EL199. https://doi.org/10.1121/1.3633687",Yesha
"Giraldo, S., Waddell, G., Nou, I., Ortega, A., Mayor, O., Perez, A., Williamon, A., & Ramirez, R.",2019,Automatic assessment of tone (timbre) quality in violin performance using machine learning for technology-enhanced music learning and real-time pedagogical feedback,"Mixed-method empirical study combining:
1) Perceptual listening experiments using expert-defined semantic tone labels
2) Audio signal processing and feature extraction
3) Machine learning modeling (SVM, ANN, Linear Regression) with feature selection
4) System implementation and evaluation of a real-time feedback tool integrated into a violin learning system (SkyNote).","Multiple primary datasets:
– Audio recordings of violin tones performed by a professional violinist (320 notes across 20 tonal dimensions)
– Good Sounds Dataset (Romani Picas et al., 2015)
– Perceptual ratings from 20 musically trained participants
– Additional recordings from 4 professional violinists for real-time and cross-performer evaluation","Giraldo, S., Waddell, G., Nou, I., Ortega, A., Mayor, O., Perez, A., Williamon, A., & Ramirez, R. (2019). Automatic assessment of tone quality in violin music performance. Frontiers in Psychology, 10, 334. https://doi.org/10.3389/fpsyg.2019.00334",Yesha
"Waddell, G., Perkins, R., & Williamon, A.",2019,The Evaluation Simulator: A New Approach to Training Music Performance Assessment,Development and piloting of a prototype immersive simulation tool for training evaluative skills; qualitative and observational evaluation of user interactions,Prototype used prerecorded performance videos of musical excerpts; piloted with music students and educators at a public music festival; exact sample size not specified,"Waddell, G., Perkins, R., & Williamon, A. (2019). The Evaluation Simulator: A new approach to training music Performance Assessment. Frontiers in Psychology, 10, 557. https://doi.org/10.3389/fpsyg.2019.00557",Yesha
"Keon Ju Maverick Lee, Jeff Ens, Sara Adkins, Pedro Sarmento, Mathieu Barthet, & Philippe Pasquier",2025,The GigaMIDI Dataset with Features for Expressive Music Performance Detection,Creation and curation of a large-scale symbolic music dataset (MIDI) with heuristics designed to distinguish expressive vs. non‑expressive music performance; development of expressivity detection heuristics and evaluation of their effectiveness.,"The GigaMIDI dataset: over 1.4 million unique MIDI files, ~1.8 billion MIDI note events, and >5.3 million instrument tracks; expressively‑performed subset of ~1,655,649 tracks classified using novel heuristics.","Lee, K. J. M., Ens, J., Adkins, S., Sarmento, P., Barthet, M., & Pasquier, P. (2025). The GigaMIDI dataset with features for expressive music performance detection. arXiv. https://arxiv.org/abs/2502.17726",Yesha
"García, S., F. Serrà, J., & Herrera, P.",2022,Symbolic music processing and feature extraction for music information retrieval,"Development of a Python library (Partitura) to parse, analyze, and process symbolic music formats; extraction of sequential musical features (e.g., note arrays, piano rolls), pitch spelling, key detection, and voice separation","Supports multiple symbolic music formats including **MEI, MusicXML, Humdrum kern, and MIDI files; no single fixed dataset—users can load their own symbolic music data","Cancino-Chacón, C., Peter, S. D., Karystinaios, E., Foscarin, F., Grachten, M., & Widmer, G. (2022, June 2). Partitura: a Python package for symbolic music processing. arXiv.org. https://arxiv.org/abs/2206.01071",Yesha
"Sara Adkins, Pedro Sarmento, & Mathieu Barthet",2023,LooperGP — a loopable sequence model for live coding music performance using GuitarPro tablature,"Proposal of LooperGP, a Transformer‑XL based symbolic music generation model steered to produce loopable musical phrases.

Trained on a symbolic music dataset derived from GuitarPro tablature (musical notation rich in instrument information).

Evaluation includes a subjective listening test with human participants assessing originality, musical coherence, and loop smoothness in generated loops.","Dataset:

A dataset of 93,681 musical loops extracted from the DadaGP dataset of GuitarPro tablature.

Used for training and evaluating the generative model.","Adkins, S., Sarmento, P., & Barthet, M. (2023). LooperGP: A loopable sequence model for live coding performance using GuitarPro tablature. arXiv. https://doi.org/10.48550/arxiv.2303.01665",Yesha
"Kim, H., Miron, M., & Serra, X.",2022,Note‑Level MIDI Velocity Estimation for Piano Performance — estimating expressive loudness at the note level from audio using score‑informed neural networks,Applied deep neural networks (DNN) with FiLM conditioning to estimate MIDI velocity (a proxy for loudness/dynamics) from polyphonic piano audio. Modified score‑informed DNN architecture was trained and evaluated on aligned audio/MIDI data with error measured at note onsets.,MAESTRO dataset (2.8 GB mini subset for training) and SMD (Saarland Music Data) for testing; aligned audio and MIDI velocity ground truth used to measure note‑level velocity estimation.,"Kim, H., Miron, M., & Serra, X. (2022, December). Note level MIDI velocity estimation for piano performance. In Proceedings of the International Society for Music Information Retrieval Conference, Bengaluru, India.",Yesha
"Edwards, D., Dixon, S., Benetos, E., Maezawa, A., & Kusaka, Y.",2024,A data‑driven analysis of robust automatic piano transcription,"Empirical analysis of Automatic Piano Transcription (APT) systems focusing on training data effects and generalization. Evaluates models on out‑of‑distribution piano recordings, uses data augmentation, and ablation studies to understand robustness and performance.","• Original and re‑recorded MAESTRO audio (via Yamaha Disklavier)
• MAPS dataset for out‑of‑distribution evaluation","Edwards, D., Dixon, S., Benetos, E., Maezawa, A., & Kusaka, Y. (2024). A data‑driven analysis of robust automatic piano transcription. IEEE Signal Processing Letters. https://doi.org/10.1109/LSP.2024.3363646",Yesha
"Gómez‑Marín, D., Jordà, S., & Herrera, P.",2020,Drum rhythm spaces: From polyphonic similarity to generative maps,Computational analysis of polyphonic drum rhythms via distance metrics and visualization; development of generative maps for rhythm similarity and exploration,"Rhythmic datasets extracted from polyphonic music sources (including drum patterns), used to compute similarity spaces and generate topology mappings","Gómez‑Marín, D., Jordà, S., & Herrera, P. (2020). Drum rhythm spaces: From polyphonic similarity to generative maps. Journal of New Music Research, 49(5), 438–456. https://doi.org/10.1080/09298215.2020.1806887",Yesha
"Li, B., Liu, X., Dinesh, K., Duan, Z., & Sharma, G.",2018,Creating a multitrack classical music performance dataset for multimodal music analysis,"Dataset creation and analysis study; the authors designed and recorded a multimodal dataset comprising separately recorded instrument tracks synchronized into ensemble mixtures, described methodology for synchronized multimodal capture, and evaluated dataset usefulness for existing and novel MIR tasks (e.g., multipitch analysis, score‑informed source separation, visually informed tasks).","Multitrack classical music performance dataset (URMP): 44 classical pieces with separate instrument track audio, audio/video mixes, MIDI scores, and ground‑truth annotations (note‑ and frame‑level); supports multimodal research.","Li, B., Liu, X., Dinesh, K., Duan, Z., and Sharma, G.
(2018). Creating a multitrack classical music perfor-
mance dataset for multimodal music analysis: Chal-
lenges, insights, and applications. IEEE Transactions
on Multimedia, 21(2):522–535. https://doi.org/
10.48550/arXiv.1612.08727.",Yesha
"Barthet, M., Depalle, P., Kronland‑Martinet, R., & Ystad, S.",2010,Acoustical correlates of timbre and expressiveness in clarinet performance,"Empirical acoustic analysis of mechanical vs. expressive clarinet performances. Timbre, timing, dynamics, and pitch descriptors were extracted and analyzed using two‑way ANOVA to determine how expressive intention affects acoustic parameters.","Recorded performances of clarinet excerpts from Bach’s Suite No. II and Mozart’s Quintet for Clarinet and Strings, with detailed acoustical feature extraction from audio recordings.","Barthet, M., Depalle, P., Kronland‑Martinet, R., & Ystad, S. (2010). Acoustical correlates of timbre and expressiveness in clarinet performance. Music Perception, 28(2), 135–154. https://doi.org/10.1525/mp.2010.28.2.135",Yesha
"Brunner, G., Konrad, A., Wang, Y., & Wattenhofer, R.",2018,MIDI-VAE: Modeling dynamics and instrumentation of music with applications to style transfer,"Developed a Variational Autoencoder (VAE) for symbolic music modeling. The model captures note pitch, velocity, and instrumentation in polyphonic MIDI sequences, enabling style transfer between pieces.","Polyphonic MIDI datasets, including piano and multi-instrumental tracks, used for training and evaluation of style transfer and reconstruction tasks.","Brunner, G., Konrad, A., Wang, Y., & Wattenhofer, R. (2018). MIDI-VAE: Modeling dynamics and instrumentation of music with applications to style transfer. In Proceedings of the International Society for Music Information Retrieval Conference (ISMIR), Paris, France.",Yesha
"Sarmento, P., Kumar, A., Carr, C., Zukowski, Z., Barthet, M., & Yang, Y.-H.",2021,DadaGP: Tokenized GuitarPro songs for sequence models,"Created a dataset of guitar tablature sequences, tokenized for machine learning and sequence modeling, suitable for music generation models.",DadaGP dataset: GuitarPro songs converted into tokenized sequences for training sequence-based models.,"Sarmento, P., Kumar, A., Carr, C., Zukowski, Z., Barthet, M., & Yang, Y.-H. (2021). DadaGP: A dataset of tokenized GuitarPro songs for sequence models. In Proceedings of the International Society for Music Information Retrieval Conference (ISMIR), Online.",Yesha
"Sarmento, P., Kumar, A., Chen, Y.-H., Carr, C., Zukowski, Z., & Barthet, M.",2023,ShredGP: Guitarist style-conditioned tablature generation,"Developed a style-conditioned music generation model using transformer-based architectures, trained to generate guitar tablature in specific guitarist styles.",ShredGP dataset: Guitar tablatures labeled by guitarist style for style-conditioned generative tasks.,"Sarmento, P., Kumar, A., Chen, Y.-H., Carr, C., Zukowski, Z., & Barthet, M. (2023b). ShredGP: Guitarist style-conditioned tablature generation. In 16th International Symposium on Computer Music Multidisciplinary Research, Tokyo, Japan.",Yesha
"Crauwels, K.",2016,Music exploration and visualization,"Web-based interactive music map for exploring relationships between artists, genres, and styles","Online database of artists, genres, and musical relationships","Crauwels, K. (2016). Musicmap. https://musicmap.info/
 (Last accessed: January 13, 2026)",Yesha
"Yi-Xing Lin, Jen-Chun Lin, Wen-Li Wei, Jia-Ching Wang",2025,Music Classification (Singer/Genre),"Learnable Counterfactual Attention (LCA): Introduces a counterfactual branch to a deep network that learns to identify and suppress spurious features (like background noise), forcing the main branch to focus on discriminative musical regions.",Artist20; GTZAN; FMA,"Lin, Y.-X., Lin, J.-C., Wei, W.-L., & Wang, J.-C. (2025). Learnable Counterfactual Attention for Music Classification. IEEE Transactions on Audio, Speech, and Language Processing, 33, 570–585.",Kean
"Juan C. Martinez-Sevilla, Joan Cerveto-Serrano, Noelia Luna-Barahona, Greg Chapman, Craig Sapp, David Rizo, Jorge Calvo-Zaragoza",2025,Optical Music Recognition (OMR) Evaluation,"Sheet Music Benchmark (SMB): Introduction of a standardized evaluation dataset and a new metric (OMR-NED) that provides fine-grained error analysis for specific musical symbols, addressing the limitations of generic Symbol Error Rates.",Sheet Music Benchmark (SMB) (685 pages),"Martinez-Sevilla, J. C., Cerveto-Serrano, J., Luna-Barahona, N., Chapman, G., Sapp, C., Rizo, D., & Calvo-Zaragoza, J. (2025). Sheet Music Benchmark: Standardized Optical Music Recognition Evaluation. Proceedings of the 26th International Society for Music Information Retrieval Conference (ISMIR).",Kean
"Tsung-Ping Chen, Kazuyoshi Yoshii",2025,Joint Music Segmentation and Clustering,Deep Unfolding: A unified network where the clustering step (GMM) is unfolded into differentiable layers. This allows the feature extractor (Transformer) and the clustering mechanism to be trained simultaneously via self-attentive contrastive learning.,SALAMI (implied standard for MSA tasks),"Chen, T.-P., & Yoshii, K. (2025). Joint Music Segmentation and Clustering Based on Self-Attentive Contrastive Learning of Multifaceted Self-Similarity Representation. IEEE Transactions on Audio, Speech, and Language Processing, 33, 1267–1277.",Kean
"Omar Eldeeb, Martin Malandro",2025,Symbolic Music Structure Analysis,"Barwise Boundary Detection: A Convolutional Neural Network (CNN) approach for detecting musical section boundaries in symbolic data. It uses a novel ""synthesized overtone"" encoding scheme to represent MIDI instrumentations as 3-channel piano rolls.",Segmented Lakh MIDI Subset (SLMS),"Eldeeb, O., & Malandro, M. (2025). Barwise Section Boundary Detection in Symbolic Music Using Convolutional Neural Networks. Proceedings of the 26th International Society for Music Information Retrieval Conference (ISMIR).",Kean
"SeungHeon Doh, Jongpil Lee, Tae Hong Park, Juhan Nam",2025,Semantic Music Tagging and Retrieval,Musical Word Embedding (MWE): A representation learning framework trained on a hybrid corpus of general and music-specific text. It uses multi-prototype training to balance granularity between broad tags (genre) and specific entities (track/artist).,Million Song Dataset; MTG-Jamendo,"Doh, S., Lee, J., Park, T. H., & Nam, J. (2025). Musical Word Embedding for Music Tagging and Retrieval. IEEE Transactions on Audio, Speech, and Language Processing, 33, 2377–2387.",Kean
"Yun-Ning Hung, Igor Pereira, Filip Korzeniowski",2025,Resource-Efficient Music Source Separation,Moises-Light: A lightweight Band-Split U-Net architecture. It integrates Rotary Position Embeddings (RoPE) and optimized encoder-decoder blocks to achieve state-of-the-art separation quality with significantly fewer parameters than RoFormer.,MUSDB18-HQ; MoisesDB,"Hung, Y.-N., Pereira, I., & Korzeniowski, F. (2025). Moises-Light: Resource-Efficient Band-Split U-Net for Music Source Separation. 2025 IEEE Workshop on Applications of Signal Processing to Audio and Acoustics (WASPAA).",Kean
WOW WE GOT TO 100 PAPERS !!,,,,,,